{
  "dataset": "Data2_GSE132903",
  "n_iterations": 60,
  "n_folds": 5,
  "alpha_fitness": 0.8,
  "smote_applied": [
    true,
    true,
    true,
    true,
    true
  ],
  "folds": [
    [
      0.1881387330336619,
      0.17611501829843088,
      0.17611501829843088,
      0.17611501829843088,
      0.17611501829843088,
      0.17611501829843088,
      0.1660970881793183,
      0.1639294611540839,
      0.1639294611540839,
      0.1639294611540839,
      0.1639294611540839,
      0.16249770739263628,
      0.16249770739263628,
      0.16249770739263628,
      0.16249770739263628,
      0.16249770739263628,
      0.16249770739263628,
      0.16249770739263628,
      0.16249770739263628,
      0.1594820129082769,
      0.1594820129082769,
      0.1594820129082769,
      0.1594820129082769,
      0.1594820129082769,
      0.1594820129082769,
      0.1594820129082769,
      0.1594820129082769,
      0.1594820129082769,
      0.1594820129082769,
      0.1594820129082769,
      0.1594820129082769,
      0.1594820129082769,
      0.1594820129082769,
      0.1594820129082769,
      0.1594820129082769,
      0.1594820129082769,
      0.1594820129082769,
      0.1594820129082769,
      0.1594820129082769,
      0.1594820129082769,
      0.1594820129082769,
      0.15529199101693586,
      0.15529199101693586,
      0.15529199101693586,
      0.15529199101693586,
      0.15529199101693586,
      0.15529199101693586,
      0.15529199101693586,
      0.1545486940346028,
      0.1545486940346028,
      0.1545486940346028,
      0.1545486940346028,
      0.1545486940346028,
      0.1545486940346028,
      0.1545486940346028,
      0.1545486940346028,
      0.1545486940346028,
      0.1545486940346028,
      0.1545486940346028,
      0.1545486940346028
    ],
    [
      0.19918587141049413,
      0.19775411764904657,
      0.194805104291013,
      0.194805104291013,
      0.194805104291013,
      0.194805104291013,
      0.194805104291013,
      0.19038404473738793,
      0.18811551278018449,
      0.18811551278018449,
      0.18811551278018449,
      0.18811551278018449,
      0.18811551278018449,
      0.18811551278018449,
      0.18811551278018449,
      0.18811551278018449,
      0.18811551278018449,
      0.18602507374507862,
      0.18602507374507862,
      0.18602507374507862,
      0.18602507374507862,
      0.18602507374507862,
      0.18602507374507862,
      0.18602507374507862,
      0.18335330803372274,
      0.18133907654079098,
      0.18133907654079098,
      0.18133907654079098,
      0.18133907654079098,
      0.18133907654079098,
      0.18133907654079098,
      0.18133907654079098,
      0.18133907654079098,
      0.17948201290827692,
      0.17817781212703654,
      0.17200392691955563,
      0.17200392691955563,
      0.17200392691955563,
      0.17200392691955563,
      0.17200392691955563,
      0.17200392691955563,
      0.17200392691955563,
      0.17200392691955563,
      0.17200392691955563,
      0.17200392691955563,
      0.17200392691955563,
      0.1677920411263991,
      0.1677920411263991,
      0.1677920411263991,
      0.1677920411263991,
      0.1677920411263991,
      0.1677920411263991,
      0.1677920411263991,
      0.1677920411263991,
      0.1677920411263991,
      0.1677920411263991,
      0.1677920411263991,
      0.1677920411263991,
      0.1677920411263991,
      0.1677920411263991
    ],
    [
      0.19270340751936083,
      0.18984611588756145,
      0.18253566312370473,
      0.18253566312370473,
      0.18253566312370473,
      0.18173811382034394,
      0.18173811382034394,
      0.18173811382034394,
      0.18102564102564106,
      0.18030952379748227,
      0.18030952379748227,
      0.18030952379748227,
      0.18030952379748227,
      0.18030952379748227,
      0.18030952379748227,
      0.18030952379748227,
      0.17740745799549962,
      0.17576866012200337,
      0.17576866012200337,
      0.17576866012200337,
      0.17576866012200337,
      0.17576866012200337,
      0.17576866012200337,
      0.17576866012200337,
      0.17576866012200337,
      0.17576866012200337,
      0.17576866012200337,
      0.17576866012200337,
      0.17576866012200337,
      0.17576866012200337,
      0.17576866012200337,
      0.17105380612181414,
      0.17105380612181414,
      0.17105380612181414,
      0.17105380612181414,
      0.17105380612181414,
      0.17105380612181414,
      0.17105380612181414,
      0.17105380612181414,
      0.17105380612181414,
      0.17105380612181414,
      0.17105380612181414,
      0.17105380612181414,
      0.17105380612181414,
      0.17105380612181414,
      0.17105380612181414,
      0.17105380612181414,
      0.17105380612181414,
      0.17105380612181414,
      0.17105380612181414,
      0.17105380612181414,
      0.17105380612181414,
      0.17105380612181414,
      0.17105380612181414,
      0.17105380612181414,
      0.17105380612181414,
      0.17105380612181414,
      0.17105380612181414,
      0.17105380612181414,
      0.17105380612181414
    ],
    [
      0.19279207338011495,
      0.18839514329007218,
      0.18692865094455663,
      0.18106122178616663,
      0.18106122178616663,
      0.17518131866927716,
      0.17518131866927716,
      0.17359779934008784,
      0.17359779934008784,
      0.17359779934008784,
      0.17359779934008784,
      0.17359779934008784,
      0.17140968912969407,
      0.17140968912969407,
      0.17140968912969407,
      0.17140968912969407,
      0.17140968912969407,
      0.17140968912969407,
      0.17140968912969407,
      0.17140968912969407,
      0.17140968912969407,
      0.17140968912969407,
      0.17140968912969407,
      0.17140968912969407,
      0.17140968912969407,
      0.17140968912969407,
      0.17140968912969407,
      0.17140968912969407,
      0.17140968912969407,
      0.17140968912969407,
      0.1708048115297564,
      0.1708048115297564,
      0.1708048115297564,
      0.1708048115297564,
      0.16788232277725174,
      0.16788232277725174,
      0.16788232277725174,
      0.16788232277725174,
      0.16788232277725174,
      0.16788232277725174,
      0.16788232277725174,
      0.16788232277725174,
      0.16788232277725174,
      0.15905766628228896,
      0.15905766628228896,
      0.15905766628228896,
      0.15905766628228896,
      0.15905766628228896,
      0.15905766628228896,
      0.15905766628228896,
      0.15905766628228896,
      0.15905766628228896,
      0.15905766628228896,
      0.15905766628228896,
      0.15905766628228896,
      0.15905766628228896,
      0.15905766628228896,
      0.15905766628228896,
      0.15905766628228896,
      0.15905766628228896
    ],
    [
      0.18615384615384617,
      0.1824469972629506,
      0.1824469972629506,
      0.1824469972629506,
      0.17958970563115123,
      0.17740745799549962,
      0.17740745799549962,
      0.17740745799549962,
      0.17740745799549962,
      0.17740745799549962,
      0.17006151454742335,
      0.17006151454742335,
      0.17006151454742335,
      0.17006151454742335,
      0.17006151454742335,
      0.17006151454742335,
      0.17006151454742335,
      0.17006151454742335,
      0.17006151454742335,
      0.17006151454742335,
      0.17006151454742335,
      0.17006151454742335,
      0.17006151454742335,
      0.17006151454742335,
      0.17006151454742335,
      0.17006151454742335,
      0.17006151454742335,
      0.17006151454742335,
      0.17006151454742335,
      0.17006151454742335,
      0.17006151454742335,
      0.17006151454742335,
      0.17006151454742335,
      0.16776772967654469,
      0.16776772967654469,
      0.16776772967654469,
      0.16776772967654469,
      0.16776772967654469,
      0.16776772967654469,
      0.16776772967654469,
      0.16776772967654469,
      0.16776772967654469,
      0.16776772967654469,
      0.16776772967654469,
      0.16776772967654469,
      0.16776772967654469,
      0.16776772967654469,
      0.16776772967654469,
      0.16776772967654469,
      0.16776772967654469,
