{
  "dataset": "Data1_GSE33000",
  "n_iterations": 60,
  "n_folds": 5,
  "alpha_fitness": 0.8,
  "smote_applied": [
    true,
    true,
    true,
    true,
    true
  ],
  "folds": [
    [
      0.23612035482916977,
      0.23612035482916977,
      0.23612035482916977,
      0.23055182007676495,
      0.23055182007676495,
      0.23055182007676495,
      0.23055182007676495,
      0.23055182007676495,
      0.23055182007676495,
      0.23055182007676495,
      0.23055182007676495,
      0.23055182007676495,
      0.23055182007676495,
      0.23055182007676495,
      0.23055182007676495,
      0.2268521367400952,
      0.2268521367400952,
      0.2268521367400952,
      0.2268521367400952,
      0.2268521367400952,
      0.2268521367400952,
      0.2268521367400952,
      0.2268521367400952,
      0.2268521367400952,
      0.2268521367400952,
      0.2268521367400952,
      0.2268521367400952,
      0.22495453617044187,
      0.22495453617044187,
      0.22495453617044187,
      0.22495453617044187,
      0.22495453617044187,
      0.22495453617044187,
      0.22495453617044187,
      0.22495453617044187,
      0.22495453617044187,
      0.22495453617044187,
      0.22495453617044187,
      0.22495453617044187,
      0.22495453617044187,
      0.22495453617044187,
      0.2218720151579239,
      0.2218720151579239,
      0.2218720151579239,
      0.2218720151579239,
      0.2218720151579239,
      0.2218720151579239,
      0.2218720151579239,
      0.2218720151579239,
      0.2218720151579239,
      0.2218720151579239,
      0.2218720151579239,
      0.2218720151579239,
      0.2218720151579239,
      0.2218720151579239,
      0.2218720151579239,
      0.2218720151579239,
      0.2218720151579239,
      0.2218720151579239,
      0.2218720151579239
    ],
    [
      0.22478293327786222,
      0.22478293327786222,
      0.22040591334318294,
      0.22040591334318294,
      0.22040591334318294,
      0.22032213447135893,
      0.21960924123550526,
      0.21854183775774355,
      0.20833727556189824,
      0.20833727556189824,
      0.20833727556189824,
      0.20833727556189824,
      0.20833727556189824,
      0.20833727556189824,
      0.20833727556189824,
      0.20833727556189824,
      0.20833727556189824,
      0.20833727556189824,
      0.20833727556189824,
      0.20672457714919984,
      0.20672457714919984,
      0.20672457714919984,
      0.20672457714919984,
      0.20672457714919984,
      0.20672457714919984,
      0.20672457714919984,
      0.20672457714919984,
      0.20063138423309868,
      0.20063138423309868,
      0.20063138423309868,
      0.20063138423309868,
      0.20063138423309868,
      0.20063138423309868,
      0.20063138423309868,
      0.20063138423309868,
      0.20063138423309868,
      0.20063138423309868,
      0.20063138423309868,
      0.20063138423309868,
      0.20063138423309868,
      0.20063138423309868,
      0.20063138423309868,
      0.20063138423309868,
      0.20063138423309868,
      0.20063138423309868,
      0.20063138423309868,
      0.20063138423309868,
      0.20063138423309868,
      0.20063138423309868,
      0.20063138423309868,
      0.20063138423309868,
      0.20063138423309868,
      0.20063138423309868,
      0.20063138423309868,
      0.20063138423309868,
      0.20063138423309868,
      0.20063138423309868,
      0.20063138423309868,
      0.20063138423309868,
      0.20063138423309868
    ],
    [
      0.23640591334318295,
      0.22926003488629895,
      0.22832972286699244,
      0.22832972286699244,
      0.22832972286699244,
      0.22832972286699244,
      0.22832972286699244,
      0.22832972286699244,
      0.2266967376459621,
      0.2266967376459621,
      0.2266967376459621,
      0.2266967376459621,
      0.22250245189049342,
      0.22250245189049342,
      0.22250245189049342,
      0.22014183775774354,
      0.22014183775774354,
      0.22014183775774354,
      0.22014183775774354,
      0.22014183775774354,
      0.22014183775774354,
      0.22014183775774354,
      0.22014183775774354,
      0.22014183775774354,
      0.22014183775774354,
      0.22014183775774354,
      0.22014183775774354,
      0.22014183775774354,
      0.22014183775774354,
      0.22014183775774354,
      0.22014183775774354,
      0.22014183775774354,
      0.22014183775774354,
      0.22014183775774354,
      0.22014183775774354,
      0.22014183775774354,
      0.22014183775774354,
      0.22014183775774354,
      0.22014183775774354,
      0.22014183775774354,
      0.22014183775774354,
      0.22014183775774354,
      0.22014183775774354,
      0.22014183775774354,
      0.22014183775774354,
      0.22014183775774354,
      0.22014183775774354,
      0.22014183775774354,
      0.22014183775774354,
      0.22014183775774354,
      0.22014183775774354,
      0.22014183775774354,
      0.22014183775774354,
      0.22014183775774354,
      0.22014183775774354,
      0.22014183775774354,
      0.22014183775774354,
      0.22014183775774354,
      0.22014183775774354,
      0.22014183775774354
    ],
    [
      0.23726003488629896,
      0.23726003488629896,
      0.23726003488629896,
      0.23726003488629896,
      0.23066108508570785,
      0.23066108508570785,
      0.23066108508570785,
      0.23066108508570785,
      0.23066108508570785,
      0.22353483288405726,
      0.22353483288405726,
      0.22353483288405726,
      0.22353483288405726,
      0.22353483288405726,
      0.22353483288405726,
      0.22353483288405726,
      0.22353483288405726,
      0.22353483288405726,
      0.22353483288405726,
      0.22353483288405726,
      0.22353483288405726,
      0.22353483288405726,
      0.22353483288405726,
      0.22353483288405726,
      0.22353483288405726,
      0.22353483288405726,
      0.22353483288405726,
      0.22353483288405726,
      0.22353483288405726,
      0.2166046729678451,
      0.2166046729678451,
      0.2166046729678451,
      0.2166046729678451,
      0.2166046729678451,
      0.2166046729678451,
      0.2166046729678451,
      0.2166046729678451,
      0.2166046729678451,
      0.2166046729678451,
      0.2166046729678451,
      0.2166046729678451,
      0.2166046729678451,
      0.2166046729678451,
      0.2166046729678451,
      0.2166046729678451,
      0.2166046729678451,
      0.2166046729678451,
      0.2166046729678451,
      0.2166046729678451,
      0.2166046729678451,
      0.2166046729678451,
      0.2166046729678451,
      0.2166046729678451,
      0.2166046729678451,
      0.2166046729678451,
      0.2166046729678451,
      0.2166046729678451,
      0.2166046729678451,
      0.2166046729678451,
      0.2166046729678451
    ],
    [
      0.24469670936138113,
      0.24469670936138113,
      0.24469670936138113,
      0.24469670936138113,
      0.24469670936138113,
      0.23032175799542762,
      0.23032175799542762,
      0.22697086769581254,
      0.22697086769581254,
      0.22697086769581254,
      0.22697086769581254,
      0.22697086769581254,
      0.22697086769581254,
      0.22697086769581254,
      0.22697086769581254,
      0.22697086769581254,
      0.22697086769581254,
      0.22697086769581254,
      0.22697086769581254,
      0.22697086769581254,
      0.22697086769581254,
      0.22631578526500967,
      0.22631578526500967,
      0.22631578526500967,
      0.22631578526500967,
      0.22631578526500967,
      0.22631578526500967,
      0.22631578526500967,
      0.22485290920625245,
      0.22485290920625245,
      0.22485290920625245,
      0.22485290920625245,
      0.22485290920625245,
      0.22485290920625245,
      0.22485290920625245,
      0.22485290920625245,
      0.22485290920625245,
      0.22485290920625245,
      0.22485290920625245,
      0.22485290920625245,
      0.22485290920625245,
      0.22485290920625245,
      0.22485290920625245,
      0.22485290920625245,
      0.22485290920625245,
      0.22485290920625245,
      0.22485290920625245,
      0.22485290920625245,
      0.22485290920625245,
