{
  "GSE33000": {
    "Accuracy": {
      "mean": 84.374,
      "std": 4.421185361416097
    },
    "BalAcc": {
      "mean": 84.374,
      "std": 4.421185361416097
    },
    "Sensitivity": {
      "mean": 86.25,
      "std": 6.846531968814577
    },
    "Specificity": {
      "mean": 82.5,
      "std": 5.2291251658379725
    },
    "Precision": {
      "mean": 83.22200000000001,
      "std": 4.37638206741596
    },
    "F1-Score": {
      "mean": 84.602,
      "std": 4.655225021414108
    },
    "MCC": {
      "mean": 0.6898799999999999,
      "std": 0.08822089888456136
    },
    "Kappa": {
      "mean": 0.6875,
      "std": 0.08838834764831845
    },
    "AUC-ROC": {
      "mean": 0.8632221923032484,
      "std": 0.039958414343512355
    }
  },
  "GSE132903": {
    "Accuracy": {
      "mean": 86.42999999999999,
      "std": 3.9162162861619407
    },
    "BalAcc": {
      "mean": 86.42999999999999,
      "std": 3.9162162861619407
    },
    "Sensitivity": {
      "mean": 87.142,
      "std": 5.978534101265965
    },
    "Specificity": {
      "mean": 85.71199999999999,
      "std": 5.052278693817279
    },
    "Precision": {
      "mean": 86.054,
      "std": 4.432936949698248
    },
    "F1-Score": {
      "mean": 86.49000000000001,
      "std": 4.027120559407177
    },
    "MCC": {
      "mean": 0.7304199999999998,
      "std": 0.07843387023473979
    },
    "Kappa": {
      "mean": 0.72858,
      "std": 0.07821478121173768
    },
    "AUC-ROC": {
      "mean": 0.8928755796423491,
      "std": 0.041708402493180294
    }
  },
  "GSE122063": {
    "Accuracy": {
      "mean": 97.5,
      "std": 5.5901699437494745
    },
    "BalAcc": {
      "mean": 97.5,
      "std": 5.5901699437494745
    },
    "Sensitivity": {
      "mean": 97.5,
      "std": 5.5901699437494745
    },
    "Specificity": {
      "mean": 97.5,
      "std": 5.5901699437494745
    },
    "Precision": {
      "mean": 97.5,
      "std": 5.5901699437494745
    },
    "F1-Score": {
      "mean": 97.5,
      "std": 5.5901699437494745
    },
    "MCC": {
      "mean": 0.95,
      "std": 0.11180339887498948
    },
    "Kappa": {
      "mean": 0.95,
      "std": 0.11180339887498948
    },
    "AUC-ROC": {
      "mean": 0.9784102626891473,
      "std": 0.04827612024343034
    }
  }
}