{
  "per_dataset": {
    "GSE33000": {
      "HFW-NPO (ours)": {
        "mean": 85.27649769585253,
        "std": 4.208856033114852,
        "ci_95_lo": 80.0505126859111,
        "ci_95_hi": 90.50248270579395
      },
      "Filter-only": {
        "mean": 81.7065104101378,
        "std": 2.4788127660407606,
        "ci_95_lo": 78.62865784025709,
        "ci_95_hi": 84.7843629800185,
        "wilcoxon_p": 0.1875,
        "paired_t_p": 0.14902862303478495,
        "cohen_d": 1.0336076475459048,
        "significant": false
      },
      "PSO+Ensemble": {
        "mean": 84.24847699628971,
        "std": 3.284570416464833,
        "ci_95_lo": 80.17014416060017,
        "ci_95_hi": 88.32680983197925,
        "wilcoxon_p": 0.8125,
        "paired_t_p": 0.6694660431247456,
        "cohen_d": 0.27231561586429437,
        "significant": false
      },
      "GA+Ensemble": {
        "mean": 78.5127087284895,
        "std": 3.495380726084279,
        "ci_95_lo": 74.1726203208953,
        "ci_95_hi": 82.8527971360837,
        "wilcoxon_p": 0.125,
        "paired_t_p": 0.07581565376868474,
        "cohen_d": 1.7483808871506352,
        "significant": false
      },
      "RF-baseline": {
        "mean": 74.71880090616337,
        "std": 3.254667423959504,
        "ci_95_lo": 70.67759753970626,
        "ci_95_hi": 78.76000427262048,
        "wilcoxon_p": 0.0625,
        "paired_t_p": 0.011775653238073997,
        "cohen_d": 2.8063041314442976,
        "significant": false
      },
      "LASSO+Ens": {
        "mean": 83.47649264792597,
        "std": 3.3722989660248497,
        "ci_95_lo": 79.28923043063313,
        "ci_95_hi": 87.6637548652188,
        "wilcoxon_p": 0.625,
        "paired_t_p": 0.6101063682153673,
        "cohen_d": 0.4719980780583243,
        "significant": false
      }
    },
    "GSE132903": {
      "HFW-NPO (ours)": {
        "mean": 87.15789473684211,
        "std": 3.6778610699510534,
        "ci_95_lo": 82.59122705588871,
        "ci_95_hi": 91.72456241779551
      },
      "Filter-only": {
        "mean": 76.81216048273959,
        "std": 3.0593887576384695,
        "ci_95_lo": 73.01342760587055,
        "ci_95_hi": 80.61089335960862,
        "wilcoxon_p": 0.0625,
        "paired_t_p": 0.00516267000365104,
        "cohen_d": 3.058344617157673,
        "significant": false
      },
      "PSO+Ensemble": {
        "mean": 83.94160299777867,
        "std": 4.874414390950097,
        "ci_95_lo": 77.88921813620959,
        "ci_95_hi": 89.99398785934775,
        "wilcoxon_p": 0.3125,
        "paired_t_p": 0.21907112180366317,
        "cohen_d": 0.7448934767544165,
        "significant": false
      },
      "GA+Ensemble": {
        "mean": 79.49967950633723,
        "std": 3.8064189721467017,
        "ci_95_lo": 74.77338610654289,
        "ci_95_hi": 84.22597290613157,
        "wilcoxon_p": 0.0625,
        "paired_t_p": 0.03756987043715507,
        "cohen_d": 2.046178297524489,
        "significant": false
      },
      "RF-baseline": {
        "mean": 78.91601698212448,
        "std": 4.4939974359391375,
        "ci_95_lo": 73.33598215789881,
        "ci_95_hi": 84.49605180635014,
        "wilcoxon_p": 0.0625,
        "paired_t_p": 0.006176877660252535,
        "cohen_d": 2.007151516835077,
        "significant": false
      },
      "LASSO+Ens": {
        "mean": 82.4583408619919,
        "std": 3.967040044618428,
        "ci_95_lo": 77.53261005915654,
        "ci_95_hi": 87.38407166482726,
        "wilcoxon_p": 0.1875,
        "paired_t_p": 0.09880367436953161,
        "cohen_d": 1.2285823620499545,
        "significant": false
      }
    },
    "GSE122063": {
      "HFW-NPO (ours)": {
        "mean": 96.66666666666667,
        "std": 4.564354645876385,
        "ci_95_lo": 90.99927182784786,
        "ci_95_hi": 100.0
      },
      "Filter-only": {
        "mean": 85.38570660001122,
        "std": 4.226630116355833,
        "ci_95_lo": 80.13765215080838,
        "ci_95_hi": 90.63376104921406,
        "wilcoxon_p": 0.125,
        "paired_t_p": 0.03398186603196933,
        "cohen_d": 2.564592004255609,
        "significant": false
      },
      "PSO+Ensemble": {
        "mean": 89.6986246564251,
        "std": 4.340414400842107,
        "ci_95_lo": 84.30928835761428,
        "ci_95_hi": 95.08796095523591,
        "wilcoxon_p": 0.125,
        "paired_t_p": 0.11385899110689814,
        "cohen_d": 1.5645188742886509,
        "significant": false
      },
      "GA+Ensemble": {
        "mean": 84.57108423195405,
        "std": 4.9654973685873465,
        "ci_95_lo": 78.4056049162036,
        "ci_95_hi": 90.73656354770449,
        "wilcoxon_p": 0.125,
        "paired_t_p": 0.035724570695060145,
        "cohen_d": 2.5362158597586113,
        "significant": false
      },
      "RF-baseline": {
        "mean": 87.90599070545503,
        "std": 5.6383511121363385,
        "ci_95_lo": 80.90505312028317,
        "ci_95_hi": 94.90692829062688,
        "wilcoxon_p": 0.0625,
        "paired_t_p": 0.009358482371615509,
        "cohen_d": 1.7078876489975283,
        "significant": false
      },
      "LASSO+Ens": {
        "mean": 89.73786543412288,
        "std": 9.91014695714941,
        "ci_95_lo": 77.43279274052185,
        "ci_95_hi": 100.0,
        "wilcoxon_p": 0.125,
        "paired_t_p": 0.06844732443658537,
        "cohen_d": 0.8980876285222513,
        "significant": false
      }
    }
  },
  "friedman": {
    "GSE33000": {
      "statistic": 16.42857142857143,
      "p_value": 0.005721269518512477
    },
    "GSE132903": {
      "statistic": 14.599999999999994,
      "p_value": 0.01221545295830766
    },
    "GSE122063": {
      "statistic": 7.971428571428561,
      "p_value": 0.15781730052438744
    }
  }
}